{
  "project_info": {
    "project_number": "423317539446",
    "project_id": "confident-mix-333719",
    "storage_bucket": "confident-mix-333719.appspot.com"
  },
  "client": [
    {
      "client_info": {
        "mobilesdk_app_id": "1:423317539446:android:792cb5eb69ac15dd0a6d57",
        "android_client_info": {
          "package_name": "com.example.locatemetracker"
        }
      },
      "oauth_client": [
        {
          "client_id": "423317539446-99699mjj99kcgdcdosrqnd1tvtoeefko.apps.googleusercontent.com",
          "client_type": 3
        }
      ],
      "api_key": [
        {
          "current_key": "AIzaSyDrs3bDhqi9NtJC251ssLZf8ZwrDU2z_qo"
        }
      ],
      "services": {
        "appinvite_service": {
          "other_platform_oauth_client": [
            {
              "client_id": "423317539446-99699mjj99kcgdcdosrqnd1tvtoeefko.apps.googleusercontent.com",
              "client_type": 3
            }
          ]
        }
      }
    }
  ],
  "configuration_version": "1"
}